date,MSSubClass,OverallQual,OverallCond,YearBuilt,YearRemodAdd,BsmtFinSF1,BsmtFinSF2,BsmtFullBath,BsmtHalfBath,FullBath,HalfBath,BedroomAbvGr,KitchenAbvGr,TotRmsAbvGrd,Fireplaces,GarageCars,EnclosedPorch,3SsnPorch,ScreenPorch,MiscVal,MoSold,YrSold,n_LandSlope,n_ExterQual,n_HeatingQC,n_KitchenQual,date,log_SalePrice,NoRidge,NAmes,CollgCr,Blmngtn,Sawyer,IDOTRR,NWAmes,SawyerW,SWISU,BrDale,Gilbert,BrkSide,OldTown,Edwards,Mitchel,Crawfor,StoneBr,NridgHt,Somerst,ClearCr,NPkVill,Timber,MeadowV,Veenker,Blueste
2006-01-01,44.0,6.0,5.1,1975.4,1985.9,582.3,105.9,0.6,0.0,1.5,0.4,2.7,1.0,6.4,0.6,2.2,16.0,0.0,0.0,0.0,1.0,2006.0,3.0,3.4,3.9,3.5,2006-01-01,12.13767204215938,0.0,0.1,0.2,0.0,0.1,0.0,0.1,0.0,0.0,0.0,0.2,0.0,0.1,0.0,0.0,0.0,0.0,0.0,0.1,0.0,0.0,0.1,0.0,0.0,0.0
2006-02-01,51.111111111111114,6.777777777777778,5.444444444444445,1981.7777777777778,1992.3333333333333,554.6666666666666,22.444444444444443,0.5555555555555556,0.1111111111111111,1.7777777777777777,0.6666666666666666,3.2222222222222223,1.0,7.111111111111111,0.6666666666666666,2.2222222222222223,30.22222222222222,0.0,0.0,0.0,2.0,2006.0,3.0,3.5555555555555554,4.333333333333333,3.6666666666666665,2006-02-01,12.16232567630238,0.0,0.0,0.2222222222222222,0.0,0.1111111111111111,0.0,0.2222222222222222,0.1111111111111111,0.0,0.0,0.2222222222222222,0.0,0.0,0.0,0.0,0.1111111111111111,0.0,0.0,0.0,0.0,0.0,0.0,0.0,0.0,0.0
2006-03-01,69.2,6.36,5.32,1975.96,1983.76,442.48,56.64,0.6,0.04,1.56,0.32,3.0,1.0,6.72,0.6,1.76,40.64,6.72,10.36,28.0,3.0,2006.0,2.96,3.48,4.0,3.48,2006-03-01,12.051387916390551,0.0,0.2,0.0,0.04,0.04,0.0,0.08,0.04,0.04,0.0,0.04,0.0,0.08,0.04,0.08,0.04,0.0,0.16,0.08,0.0,0.0,0.04,0.0,0.0,0.0
2006-04-01,78.51851851851852,6.2592592592592595,5.2592592592592595,1975.4444444444443,1983.7037037037037,353.3333333333333,43.7037037037037,0.25925925925925924,0.037037037037037035,1.5555555555555556,0.37037037037037035,2.7777777777777777,1.037037037037037,6.518518518518518,0.5185185185185185,1.6666666666666667,14.037037037037036,0.0,8.0,18.51851851851852,4.0,2006.0,2.925925925925926,3.5555555555555554,4.407407407407407,3.5925925925925926,2006-04-01,11.977147762847645,0.037037037037037035,0.037037037037037035,0.037037037037037035,0.037037037037037035,0.0,0.037037037037037035,0.0,0.0,0.0,0.037037037037037035,0.0,0.07407407407407407,0.1111111111111111,0.2222222222222222,0.037037037037037035,0.0,0.0,0.037037037037037035,0.18518518518518517,0.0,0.0,0.07407407407407407,0.0,0.037037037037037035,0.0
2006-05-01,74.34210526315789,5.605263157894737,5.315789473684211,1971.2105263157894,1980.7894736842106,515.1052631578947,55.73684210526316,0.5526315789473685,0.07894736842105263,1.5263157894736843,0.18421052631578946,2.6842105263157894,1.0789473684210527,6.2105263157894735,0.5526315789473685,1.763157894736842,13.263157894736842,0.0,13.473684210526315,10.526315789473685,5.0,2006.0,2.973684210526316,3.289473684210526,3.8421052631578947,3.3684210526315788,2006-05-01,11.932637480773781,0.0,0.18421052631578946,0.07894736842105263,0.05263157894736842,0.05263157894736842,0.02631578947368421,0.07894736842105263,0.05263157894736842,0.0,0.02631578947368421,0.07894736842105263,0.02631578947368421,0.10526315789473684,0.07894736842105263,0.07894736842105263,0.0,0.0,0.0,0.05263157894736842,0.0,0.0,0.02631578947368421,0.0,0.0,0.0
2006-06-01,66.5625,6.125,5.770833333333333,1963.4375,1982.2083333333333,413.0625,15.3125,0.375,0.041666666666666664,1.4791666666666667,0.375,2.75,1.0208333333333333,6.375,0.6875,1.6666666666666667,14.583333333333334,6.041666666666667,25.708333333333332,0.0,6.0,2006.0,2.9375,3.25,3.9791666666666665,3.4375,2006-06-01,11.974558355997445,0.041666666666666664,0.14583333333333334,0.0625,0.0,0.041666666666666664,0.041666666666666664,0.0625,0.0,0.041666666666666664,0.041666666666666664,0.08333333333333333,0.0625,0.10416666666666667,0.020833333333333332,0.020833333333333332,0.0625,0.020833333333333332,0.041666666666666664,0.041666666666666664,0.020833333333333332,0.0,0.0,0.020833333333333332,0.020833333333333332,0.0
2006-07-01,49.850746268656714,5.925373134328358,5.432835820895522,1972.1194029850747,1981.1940298507463,407.6268656716418,54.43283582089552,0.31343283582089554,0.07462686567164178,1.5970149253731343,0.40298507462686567,3.074626865671642,1.0746268656716418,6.791044776119403,0.5522388059701493,1.791044776119403,40.1044776119403,2.6865671641791047,14.35820895522388,39.1044776119403,7.0,2006.0,3.0,3.3582089552238807,4.17910447761194,3.4477611940298507,2006-07-01,12.039383003420921,0.05970149253731343,0.14925373134328357,0.1791044776119403,0.0,0.07462686567164178,0.014925373134328358,0.05970149253731343,0.029850746268656716,0.014925373134328358,0.0,0.05970149253731343,0.029850746268656716,0.04477611940298507,0.014925373134328358,0.05970149253731343,0.07462686567164178,0.029850746268656716,0.014925373134328358,0.014925373134328358,0.029850746268656716,0.0,0.029850746268656716,0.014925373134328358,0.0,0.0
2006-08-01,48.91304347826087,6.260869565217392,5.826086956521739,1973.304347826087,1985.695652173913,330.7826086956522,7.173913043478261,0.391304347826087,0.08695652173913043,1.6521739130434783,0.34782608695652173,2.8260869565217392,1.0,6.260869565217392,0.6086956521739131,1.7826086956521738,16.608695652173914,0.0,17.608695652173914,0.0,8.0,2006.0,2.9130434782608696,3.4782608695652173,4.304347826086956,3.8260869565217392,2006-08-01,12.106921937380145,0.0,0.043478260869565216,0.21739130434782608,0.0,0.0,0.0,0.043478260869565216,0.0,0.0,0.0,0.043478260869565216,0.17391304347826086,0.08695652173913043,0.13043478260869565,0.0,0.0,0.043478260869565216,0.043478260869565216,0.13043478260869565,0.0,0.0,0.0,0.043478260869565216,0.0,0.0
2006-09-01,54.0,7.0,5.266666666666667,1982.2,1988.8666666666666,400.93333333333334,36.733333333333334,0.26666666666666666,0.06666666666666667,1.9333333333333333,0.5333333333333333,3.066666666666667,1.0,7.466666666666667,0.6666666666666666,2.066666666666667,12.0,0.0,0.0,26.666666666666668,9.0,2006.0,2.933333333333333,3.6666666666666665,4.333333333333333,3.8666666666666667,2006-09-01,12.223291444202042,0.0,0.0,0.13333333333333333,0.0,0.0,0.06666666666666667,0.06666666666666667,0.06666666666666667,0.0,0.0,0.13333333333333333,0.06666666666666667,0.06666666666666667,0.06666666666666667,0.0,0.0,0.0,0.3333333333333333,0.0,0.0,0.0,0.0,0.0,0.0,0.0
2006-10-01,59.791666666666664,6.166666666666667,5.416666666666667,1967.0416666666667,1978.875,342.5,20.0,0.2916666666666667,0.08333333333333333,1.5833333333333333,0.2916666666666667,2.5833333333333335,1.0,6.333333333333333,0.6666666666666666,1.8333333333333333,12.25,6.375,0.0,20.833333333333332,10.0,2006.0,2.9166666666666665,3.375,4.25,3.5,2006-10-01,11.959605386442634,0.0,0.16666666666666666,0.041666666666666664,0.125,0.08333333333333333,0.041666666666666664,0.0,0.0,0.0,0.0,0.08333333333333333,0.08333333333333333,0.16666666666666666,0.08333333333333333,0.0,0.0,0.041666666666666664,0.041666666666666664,0.0,0.041666666666666664,0.0,0.0,0.0,0.0,0.0
2006-11-01,41.875,6.5,5.125,1981.25,1983.6875,669.6875,60.9375,0.6875,0.0,1.5,0.75,3.25,1.0625,7.0625,0.875,2.0625,0.0,0.0,15.4375,0.0,11.0,2006.0,2.9375,3.4375,4.0625,3.5,2006-11-01,12.187292900767552,0.0625,0.125,0.0625,0.0,0.1875,0.0,0.0625,0.0625,0.0,0.0,0.1875,0.0,0.0,0.0625,0.0,0.0,0.0,0.125,0.0,0.0,0.0,0.0,0.0,0.0625,0.0
2006-12-01,54.583333333333336,5.916666666666667,4.916666666666667,1967.3333333333333,1974.6666666666667,747.25,0.0,0.6666666666666666,0.0,1.4166666666666667,0.25,2.5833333333333335,1.0,5.75,1.0,1.6666666666666667,46.833333333333336,0.0,15.333333333333334,0.0,12.0,2006.0,2.5833333333333335,3.25,3.6666666666666665,3.4166666666666665,2006-12-01,12.065538576213884,0.08333333333333333,0.5,0.0,0.0,0.0,0.0,0.0,0.0,0.0,0.0,0.0,0.0,0.08333333333333333,0.0,0.0,0.08333333333333333,0.08333333333333333,0.0,0.0,0.16666666666666666,0.0,0.0,0.0,0.0,0.0
2007-01-01,62.69230769230769,5.538461538461538,5.461538461538462,1965.076923076923,1973.0,499.9230769230769,0.0,0.3076923076923077,0.07692307692307693,1.6153846153846154,0.46153846153846156,2.923076923076923,1.0769230769230769,6.153846153846154,0.6153846153846154,1.5384615384615385,27.53846153846154,15.076923076923077,11.307692307692308,0.0,1.0,2007.0,2.8461538461538463,3.1538461538461537,3.923076923076923,3.3846153846153846,2007-01-01,11.86450411367508,0.07692307692307693,0.07692307692307693,0.15384615384615385,0.0,0.15384615384615385,0.0,0.07692307692307693,0.07692307692307693,0.0,0.0,0.0,0.07692307692307693,0.15384615384615385,0.0,0.07692307692307693,0.0,0.0,0.0,0.0,0.0,0.0,0.0,0.07692307692307693,0.0,0.0
2007-02-01,57.5,6.25,5.25,1980.75,1981.125,484.25,0.0,0.125,0.25,1.5,0.375,2.75,1.0,6.75,1.0,2.25,0.0,0.0,22.5,0.0,2.0,2007.0,2.875,3.375,4.375,3.375,2007-02-01,12.03144125350294,0.0,0.25,0.0,0.125,0.0,0.0,0.125,0.0,0.0,0.0,0.0,0.0,0.0,0.125,0.0,0.0,0.0,0.0,0.125,0.0,0.125,0.125,0.0,0.0,0.0
2007-03-01,58.04347826086956,5.913043478260869,5.434782608695652,1960.5652173913043,1985.304347826087,352.39130434782606,66.47826086956522,0.2608695652173913,0.08695652173913043,1.565217391304348,0.34782608695652173,3.0,1.1304347826086956,7.086956521739131,0.6521739130434783,1.7391304347826086,32.34782608695652,0.0,6.391304347826087,0.0,3.0,2007.0,2.9130434782608696,3.347826086956522,3.869565217391304,3.5217391304347827,2007-03-01,11.975770266236697,0.043478260869565216,0.13043478260869565,0.08695652173913043,0.0,0.08695652173913043,0.08695652173913043,0.0,0.0,0.043478260869565216,0.0,0.043478260869565216,0.043478260869565216,0.08695652173913043,0.0,0.043478260869565216,0.13043478260869565,0.0,0.043478260869565216,0.08695652173913043,0.043478260869565216,0.0,0.0,0.0,0.0,0.0
2007-04-01,46.52173913043478,5.782608695652174,5.608695652173913,1975.1304347826087,1980.0,490.0869565217391,18.434782608695652,0.34782608695652173,0.0,1.434782608695652,0.43478260869565216,2.782608695652174,1.0,6.3478260869565215,0.391304347826087,1.6521739130434783,25.956521739130434,0.0,14.347826086956522,713.0434782608696,4.0,2007.0,2.9565217391304346,3.3043478260869565,4.260869565217392,3.260869565217391,2007-04-01,11.981913015348931,0.043478260869565216,0.21739130434782608,0.13043478260869565,0.0,0.13043478260869565,0.0,0.08695652173913043,0.043478260869565216,0.0,0.043478260869565216,0.0,0.0,0.043478260869565216,0.13043478260869565,0.043478260869565216,0.0,0.0,0.0,0.043478260869565216,0.0,0.0,0.043478260869565216,0.0,0.0,0.0
2007-05-01,44.18604651162791,5.883720930232558,5.511627906976744,1966.4883720930231,1981.5116279069769,402.5348837209302,25.511627906976745,0.3488372093023256,0.046511627906976744,1.441860465116279,0.4186046511627907,2.953488372093023,1.0,6.372093023255814,0.5813953488372093,1.7209302325581395,33.0,3.3488372093023258,12.348837209302326,9.30232558139535,5.0,2007.0,2.9069767441860463,3.302325581395349,4.069767441860465,3.372093023255814,2007-05-01,11.967814169960054,0.023255813953488372,0.11627906976744186,0.09302325581395349,0.0,0.11627906976744186,0.023255813953488372,0.0,0.023255813953488372,0.0,0.023255813953488372,0.06976744186046512,0.09302325581395349,0.06976744186046512,0.13953488372093023,0.023255813953488372,0.0,0.0,0.06976744186046512,0.023255813953488372,0.0,0.0,0.06976744186046512,0.0,0.023255813953488372,0.0
2007-06-01,55.932203389830505,5.915254237288136,5.830508474576271,1972.6440677966102,1985.4915254237287,411.0,26.728813559322035,0.3559322033898305,0.1016949152542373,1.4406779661016949,0.4576271186440678,2.8813559322033897,1.0338983050847457,6.305084745762712,0.7288135593220338,1.7966101694915255,25.89830508474576,3.0508474576271185,16.372881355932204,16.610169491525422,6.0,2007.0,2.9152542372881354,3.3389830508474576,4.135593220338983,3.457627118644068,2007-06-01,12.049251023047942,0.06779661016949153,0.22033898305084745,0.01694915254237288,0.01694915254237288,0.0,0.06779661016949153,0.05084745762711865,0.01694915254237288,0.01694915254237288,0.0,0.01694915254237288,0.0,0.05084745762711865,0.05084745762711865,0.0847457627118644,0.06779661016949153,0.0,0.03389830508474576,0.13559322033898305,0.05084745762711865,0.0,0.0,0.01694915254237288,0.01694915254237288,0.0
2007-07-01,48.529411764705884,6.098039215686274,5.901960784313726,1967.0980392156862,1988.4313725490197,404.84313725490193,43.1764705882353,0.3137254901960784,0.09803921568627451,1.588235294117647,0.37254901960784315,2.980392156862745,1.0392156862745099,6.862745098039215,0.5490196078431373,1.803921568627451,17.666666666666668,0.0,17.470588235294116,72.54901960784314,7.0,2007.0,2.9607843137254903,3.392156862745098,4.215686274509804,3.4901960784313726,2007-07-01,12.080711979903073,0.0196078431372549,0.27450980392156865,0.0784313725490196,0.0,0.0196078431372549,0.0196078431372549,0.0196078431372549,0.0392156862745098,0.0,0.0,0.09803921568627451,0.058823529411764705,0.09803921568627451,0.0196078431372549,0.0,0.0392156862745098,0.0196078431372549,0.058823529411764705,0.0196078431372549,0.0196078431372549,0.0196078431372549,0.0392156862745098,0.0,0.0392156862745098,0.0
2007-08-01,58.875,6.15,5.5,1975.2,1990.9,383.775,87.45,0.375,0.0,1.775,0.375,3.075,1.1,6.825,0.55,1.725,13.725,0.0,4.475,233.75,8.0,2007.0,3.0,3.475,4.225,3.575,2007-08-01,12.058030763700476,0.025,0.075,0.1,0.0,0.075,0.025,0.0,0.05,0.0,0.025,0.125,0.0,0.125,0.025,0.0,0.1,0.025,0.075,0.1,0.0,0.0,0.0,0.025,0.025,0.0
2007-09-01,63.63636363636363,6.454545454545454,5.181818181818182,1978.0,1988.5454545454545,514.0909090909091,16.545454545454547,0.2727272727272727,0.18181818181818182,1.7272727272727273,0.5454545454545454,3.4545454545454546,1.0909090909090908,7.454545454545454,0.8181818181818182,1.9090909090909092,0.0,0.0,41.63636363636363,0.0,9.0,2007.0,2.727272727272727,3.6363636363636362,3.727272727272727,3.4545454545454546,2007-09-01,12.103152470990848,0.0,0.09090909090909091,0.2727272727272727,0.0,0.0,0.0,0.09090909090909091,0.0,0.0,0.0,0.0,0.0,0.09090909090909091,0.0,0.09090909090909091,0.09090909090909091,0.09090909090909091,0.0,0.09090909090909091,0.09090909090909091,0.0,0.0,0.0,0.0,0.0
2007-10-01,51.875,6.875,5.4375,1983.4375,1990.125,468.5625,142.0,0.5,0.0625,1.875,0.3125,3.0625,1.0625,7.125,0.8125,2.0,32.0,0.0,24.5,0.0,10.0,2007.0,2.9375,3.6875,4.5625,3.9375,2007-10-01,12.216753644732831,0.0,0.125,0.1875,0.0,0.0625,0.0,0.0,0.0625,0.0,0.0,0.0625,0.0,0.0625,0.125,0.0,0.0625,0.125,0.125,0.0,0.0,0.0,0.0,0.0,0.0,0.0
2007-11-01,62.5,6.75,5.166666666666667,1975.5833333333333,1986.75,418.7916666666667,44.666666666666664,0.3333333333333333,0.08333333333333333,1.7083333333333333,0.4583333333333333,2.9583333333333335,1.0833333333333333,7.041666666666667,0.75,2.1666666666666665,41.125,0.0,20.625,0.0,11.0,2007.0,3.0,3.5,4.375,3.6666666666666665,2007-11-01,12.127205036681412,0.041666666666666664,0.125,0.125,0.0,0.0,0.041666666666666664,0.125,0.041666666666666664,0.0,0.0,0.08333333333333333,0.041666666666666664,0.041666666666666664,0.0,0.0,0.08333333333333333,0.0,0.08333333333333333,0.08333333333333333,0.0,0.0,0.08333333333333333,0.0,0.0,0.0
2007-12-01,62.77777777777778,6.944444444444445,5.555555555555555,1988.0555555555557,1994.8333333333333,273.6666666666667,32.888888888888886,0.2222222222222222,0.1111111111111111,1.7222222222222223,0.2777777777777778,2.6666666666666665,1.0,6.444444444444445,0.6666666666666666,1.8888888888888888,13.555555555555555,0.0,15.5,0.0,12.0,2007.0,2.888888888888889,3.6666666666666665,4.333333333333333,3.7777777777777777,2007-12-01,12.196550651060939,0.0,0.05555555555555555,0.05555555555555555,0.0,0.0,0.1111111111111111,0.0,0.1111111111111111,0.0,0.0,0.05555555555555555,0.0,0.0,0.0,0.05555555555555555,0.1111111111111111,0.0,0.1111111111111111,0.16666666666666666,0.0,0.0,0.1111111111111111,0.05555555555555555,0.0,0.0
2008-01-01,83.84615384615384,6.384615384615385,5.230769230769231,1976.6153846153845,1990.1538461538462,1100.2307692307693,3.1538461538461537,0.8461538461538461,0.07692307692307693,1.3846153846153846,0.3076923076923077,2.1538461538461537,1.1538461538461537,6.0,0.7692307692307693,1.6153846153846154,19.076923076923077,0.0,11.923076923076923,0.0,1.0,2008.0,2.923076923076923,3.6153846153846154,4.3076923076923075,3.6153846153846154,2008-01-01,11.968384268944611,0.0,0.0,0.23076923076923078,0.0,0.07692307692307693,0.07692307692307693,0.0,0.0,0.0,0.0,0.0,0.15384615384615385,0.0,0.15384615384615385,0.0,0.07692307692307693,0.0,0.07692307692307693,0.15384615384615385,0.0,0.0,0.0,0.0,0.0,0.0
2008-02-01,52.0,6.1,5.3,1978.0,1986.6,446.6,40.4,0.3,0.2,1.5,0.4,2.7,1.0,5.8,0.5,1.7,11.2,0.0,0.0,0.0,2.0,2008.0,2.8,3.4,4.5,3.4,2008-02-01,11.95476435356457,0.0,0.0,0.2,0.0,0.1,0.1,0.0,0.0,0.0,0.0,0.1,0.0,0.0,0.0,0.2,0.1,0.0,0.0,0.2,0.0,0.0,0.0,0.0,0.0,0.0
2008-03-01,75.55555555555556,6.222222222222222,5.777777777777778,1966.2222222222222,1982.0555555555557,385.6111111111111,86.27777777777777,0.3888888888888889,0.1111111111111111,1.6111111111111112,0.3333333333333333,2.888888888888889,1.0,6.277777777777778,0.5,1.6111111111111112,23.0,0.0,6.666666666666667,0.0,3.0,2008.0,2.9444444444444446,3.388888888888889,4.5,3.4444444444444446,2008-03-01,12.026143893563935,0.0,0.05555555555555555,0.1111111111111111,0.05555555555555555,0.0,0.05555555555555555,0.05555555555555555,0.05555555555555555,0.16666666666666666,0.0,0.0,0.0,0.0,0.05555555555555555,0.0,0.05555555555555555,0.0,0.05555555555555555,0.1111111111111111,0.16666666666666666,0.0,0.0,0.0,0.0,0.0
2008-04-01,47.30769230769231,5.846153846153846,5.538461538461538,1960.2307692307693,1972.9615384615386,491.9230769230769,81.11538461538461,0.46153846153846156,0.0,1.3461538461538463,0.2692307692307692,2.6923076923076925,1.0769230769230769,6.269230769230769,0.5384615384615384,1.4615384615384615,49.53846153846154,0.0,10.192307692307692,0.0,4.0,2008.0,2.8846153846153846,3.1923076923076925,3.9615384615384617,3.3076923076923075,2008-04-01,11.908476191249916,0.0,0.23076923076923078,0.11538461538461539,0.0,0.0,0.0,0.038461538461538464,0.038461538461538464,0.038461538461538464,0.0,0.038461538461538464,0.0,0.15384615384615385,0.19230769230769232,0.0,0.0,0.0,0.038461538461538464,0.038461538461538464,0.038461538461538464,0.0,0.038461538461538464,0.0,0.0,0.0
2008-05-01,52.36842105263158,6.105263157894737,6.131578947368421,1965.6052631578948,1987.842105263158,405.86842105263156,67.47368421052632,0.47368421052631576,0.07894736842105263,1.5526315789473684,0.4473684210526316,2.789473684210526,1.0,6.605263157894737,0.6578947368421053,1.736842105263158,41.078947368421055,6.447368421052632,25.55263157894737,10.526315789473685,5.0,2008.0,2.9473684210526314,3.3421052631578947,4.315789473684211,3.5526315789473686,2008-05-01,12.079849866277309,0.0,0.15789473684210525,0.13157894736842105,0.02631578947368421,0.05263157894736842,0.0,0.05263157894736842,0.02631578947368421,0.02631578947368421,0.0,0.02631578947368421,0.07894736842105263,0.07894736842105263,0.10526315789473684,0.0,0.05263157894736842,0.0,0.0,0.07894736842105263,0.02631578947368421,0.0,0.05263157894736842,0.0,0.02631578947368421,0.0
2008-06-01,50.98039215686274,5.9411764705882355,5.921568627450981,1964.4705882352941,1983.5686274509803,426.03921568627453,58.21568627450981,0.4117647058823529,0.0,1.4509803921568627,0.45098039215686275,2.9411764705882355,1.0196078431372548,6.313725490196078,0.5294117647058824,1.7647058823529411,18.49019607843137,0.0,29.372549019607842,22.54901960784314,6.0,2008.0,2.9607843137254903,3.2549019607843137,4.03921568627451,3.411764705882353,2008-06-01,11.990835249632791,0.0196078431372549,0.17647058823529413,0.09803921568627451,0.0,0.0392156862745098,0.0392156862745098,0.0392156862745098,0.058823529411764705,0.0196078431372549,0.0,0.0196078431372549,0.0784313725490196,0.17647058823529413,0.09803921568627451,0.0196078431372549,0.0,0.0196078431372549,0.0196078431372549,0.0196078431372549,0.0,0.0,0.0,0.0392156862745098,0.0196078431372549,0.0
2008-07-01,56.02040816326531,6.122448979591836,5.8979591836734695,1972.0204081632653,1985.4489795918366,346.2040816326531,51.55102040816327,0.42857142857142855,0.04081632653061224,1.6326530612244898,0.3877551020408163,3.0408163265306123,1.0,6.673469387755102,0.6122448979591837,1.6938775510204083,8.979591836734693,8.306122448979592,6.408163265306122,26.53061224489796,7.0,2008.0,2.979591836734694,3.489795918367347,4.244897959183674,3.5714285714285716,2008-07-01,11.996260262517733,0.0,0.1836734693877551,0.12244897959183673,0.0,0.02040816326530612,0.02040816326530612,0.08163265306122448,0.04081632653061224,0.02040816326530612,0.02040816326530612,0.08163265306122448,0.08163265306122448,0.02040816326530612,0.08163265306122448,0.061224489795918366,0.0,0.0,0.04081632653061224,0.08163265306122448,0.02040816326530612,0.0,0.0,0.0,0.0,0.02040816326530612
2008-08-01,73.10344827586206,6.241379310344827,5.448275862068965,1971.896551724138,1985.344827586207,561.2068965517242,52.10344827586207,0.5172413793103449,0.034482758620689655,1.5862068965517242,0.4827586206896552,2.6551724137931036,1.0344827586206897,6.206896551724138,0.6896551724137931,1.7241379310344827,24.482758620689655,0.0,7.724137931034483,64.13793103448276,8.0,2008.0,2.896551724137931,3.4482758620689653,4.275862068965517,3.5517241379310347,2008-08-01,12.076743147554149,0.13793103448275862,0.13793103448275862,0.0,0.0,0.10344827586206896,0.034482758620689655,0.0,0.0,0.0,0.034482758620689655,0.034482758620689655,0.034482758620689655,0.10344827586206896,0.034482758620689655,0.0,0.034482758620689655,0.034482758620689655,0.06896551724137931,0.10344827586206896,0.0,0.0,0.10344827586206896,0.0,0.0,0.0
2008-09-01,65.29411764705883,5.882352941176471,5.647058823529412,1959.235294117647,1985.0588235294117,358.94117647058823,22.0,0.47058823529411764,0.058823529411764705,1.7647058823529411,0.47058823529411764,3.2941176470588234,1.1764705882352942,6.9411764705882355,0.47058823529411764,1.2941176470588236,5.882352941176471,0.0,31.764705882352942,23.529411764705884,9.0,2008.0,2.8823529411764706,3.2941176470588234,3.8823529411764706,3.235294117647059,2008-09-01,11.97219585949553,0.0,0.058823529411764705,0.29411764705882354,0.0,0.058823529411764705,0.0,0.058823529411764705,0.0,0.0,0.058823529411764705,0.0,0.0,0.058823529411764705,0.23529411764705882,0.058823529411764705,0.058823529411764705,0.0,0.0,0.0,0.058823529411764705,0.0,0.0,0.0,0.0,0.0
2008-10-01,61.81818181818182,6.2727272727272725,5.954545454545454,1976.4545454545455,1989.3636363636363,533.7272727272727,24.681818181818183,0.5,0.13636363636363635,1.5,0.22727272727272727,2.727272727272727,1.0,6.0,0.5454545454545454,1.8636363636363635,21.454545454545453,21.818181818181817,27.363636363636363,22.727272727272727,10.0,2008.0,2.9545454545454546,3.5,4.136363636363637,3.727272727272727,2008-10-01,11.983705481607707,0.0,0.36363636363636365,0.09090909090909091,0.0,0.0,0.0,0.045454545454545456,0.045454545454545456,0.0,0.0,0.045454545454545456,0.0,0.045454545454545456,0.0,0.09090909090909091,0.0,0.09090909090909091,0.09090909090909091,0.045454545454545456,0.0,0.045454545454545456,0.0,0.0,0.0,0.0
2008-11-01,65.29411764705883,6.235294117647059,5.647058823529412,1975.7058823529412,1985.8235294117646,700.6470588235294,12.235294117647058,0.6470588235294118,0.11764705882352941,1.6470588235294117,0.29411764705882354,3.1176470588235294,1.1764705882352942,7.117647058823529,0.5882352941176471,1.9411764705882353,0.0,39.588235294117645,16.941176470588236,82.3529411764706,11.0,2008.0,2.8823529411764706,3.4705882352941178,4.176470588235294,3.5294117647058822,2008-11-01,12.166410041229296,0.0,0.17647058823529413,0.058823529411764705,0.0,0.0,0.0,0.17647058823529413,0.0,0.058823529411764705,0.058823529411764705,0.0,0.0,0.058823529411764705,0.0,0.058823529411764705,0.11764705882352941,0.0,0.11764705882352941,0.0,0.058823529411764705,0.0,0.058823529411764705,0.0,0.0,0.0
2008-12-01,50.714285714285715,6.428571428571429,5.5,1974.5,1988.0714285714287,355.0,37.92857142857143,0.35714285714285715,0.21428571428571427,1.5714285714285714,0.35714285714285715,2.857142857142857,1.0,6.357142857142857,0.5,1.7857142857142858,10.214285714285714,0.0,16.0,0.0,12.0,2008.0,3.0,3.5,4.285714285714286,3.642857142857143,2008-12-01,12.034555677869633,0.07142857142857142,0.21428571428571427,0.14285714285714285,0.0,0.14285714285714285,0.0,0.0,0.14285714285714285,0.0,0.0,0.0,0.0,0.14285714285714285,0.0,0.0,0.0,0.0,0.0,0.07142857142857142,0.0,0.0,0.0,0.0,0.07142857142857142,0.0
2009-01-01,33.75,5.583333333333333,4.916666666666667,1963.6666666666667,1982.5833333333333,210.66666666666666,29.5,0.16666666666666666,0.08333333333333333,1.5,0.25,2.5833333333333335,1.0,6.416666666666667,0.6666666666666666,1.75,18.083333333333332,0.0,62.916666666666664,0.0,1.0,2009.0,3.0,3.4166666666666665,4.0,3.5,2009-01-01,11.92585779751331,0.08333333333333333,0.0,0.08333333333333333,0.0,0.0,0.08333333333333333,0.08333333333333333,0.0,0.08333333333333333,0.0,0.0,0.16666666666666666,0.0,0.16666666666666666,0.0,0.0,0.0,0.16666666666666666,0.0,0.0,0.0,0.08333333333333333,0.0,0.0,0.0
2009-02-01,46.0,6.3,5.2,1983.3,1983.5,468.2,34.5,0.5,0.0,1.7,0.5,2.6,1.0,6.5,0.4,2.0,11.2,16.2,15.2,0.0,2.0,2009.0,2.9,3.4,4.2,3.6,2009-02-01,12.085878716415394,0.0,0.2,0.3,0.0,0.0,0.0,0.1,0.0,0.0,0.1,0.0,0.0,0.1,0.1,0.0,0.0,0.0,0.0,0.1,0.0,0.0,0.0,0.0,0.0,0.0
2009-03-01,46.578947368421055,5.7894736842105265,5.157894736842105,1980.7368421052631,1988.8947368421052,579.3684210526316,9.473684210526315,0.7368421052631579,0.0,1.5789473684210527,0.42105263157894735,2.6315789473684212,1.0,6.052631578947368,0.47368421052631576,1.736842105263158,8.894736842105264,0.0,0.0,21.05263157894737,3.0,2009.0,2.8947368421052633,3.3157894736842106,4.421052631578948,3.4210526315789473,2009-03-01,11.981938497293516,0.0,0.05263157894736842,0.21052631578947367,0.0,0.05263157894736842,0.0,0.0,0.0,0.0,0.0,0.15789473684210525,0.0,0.0,0.21052631578947367,0.05263157894736842,0.05263157894736842,0.0,0.05263157894736842,0.05263157894736842,0.0,0.0,0.10526315789473684,0.0,0.0,0.0
2009-04-01,64.61538461538461,6.346153846153846,5.576923076923077,1980.0,1986.0,468.3076923076923,65.88461538461539,0.34615384615384615,0.07692307692307693,1.6923076923076923,0.4230769230769231,2.8461538461538463,1.0384615384615385,6.615384615384615,0.6153846153846154,1.8846153846153846,12.653846153846153,0.0,13.461538461538462,18.46153846153846,4.0,2009.0,2.9615384615384617,3.576923076923077,4.038461538461538,3.5,2009-04-01,12.016350261364583,0.038461538461538464,0.07692307692307693,0.15384615384615385,0.0,0.038461538461538464,0.0,0.11538461538461539,0.07692307692307693,0.038461538461538464,0.0,0.07692307692307693,0.038461538461538464,0.038461538461538464,0.07692307692307693,0.038461538461538464,0.0,0.0,0.07692307692307693,0.038461538461538464,0.0,0.038461538461538464,0.0,0.038461538461538464,0.0,0.0
2009-05-01,71.08108108108108,5.945945945945946,5.783783783783784,1966.918918918919,1989.5135135135135,359.9189189189189,28.16216216216216,0.3783783783783784,0.02702702702702703,1.4054054054054055,0.43243243243243246,2.5135135135135136,1.0,6.027027027027027,0.6216216216216216,1.7567567567567568,34.108108108108105,13.72972972972973,1.0810810810810811,18.91891891891892,5.0,2009.0,2.945945945945946,3.3513513513513513,4.162162162162162,3.5135135135135136,2009-05-01,11.930516948128211,0.02702702702702703,0.13513513513513514,0.10810810810810811,0.08108108108108109,0.0,0.0,0.02702702702702703,0.0,0.0,0.08108108108108109,0.10810810810810811,0.10810810810810811,0.10810810810810811,0.05405405405405406,0.02702702702702703,0.0,0.0,0.0,0.05405405405405406,0.0,0.0,0.0,0.05405405405405406,0.0,0.02702702702702703
2009-06-01,57.96610169491525,6.101694915254237,5.3559322033898304,1977.9661016949153,1990.3389830508474,430.864406779661,79.47457627118644,0.4915254237288136,0.06779661016949153,1.694915254237288,0.3898305084745763,2.847457627118644,1.1355932203389831,6.627118644067797,0.6779661016949152,1.8135593220338984,5.559322033898305,2.847457627118644,22.033898305084747,33.898305084745765,6.0,2009.0,2.8813559322033897,3.4745762711864407,4.271186440677966,3.593220338983051,2009-06-01,12.052814078247662,0.0,0.13559322033898305,0.13559322033898305,0.01694915254237288,0.05084745762711865,0.0,0.0847457627118644,0.1016949152542373,0.0,0.0,0.06779661016949153,0.0,0.05084745762711865,0.05084745762711865,0.06779661016949153,0.03389830508474576,0.01694915254237288,0.05084745762711865,0.05084745762711865,0.03389830508474576,0.01694915254237288,0.03389830508474576,0.0,0.0,0.0
2009-07-01,53.19672131147541,6.295081967213115,5.672131147540983,1971.4262295081967,1984.1967213114754,450.9016393442623,33.40983606557377,0.4262295081967213,0.03278688524590164,1.5901639344262295,0.3770491803278688,3.0,1.0327868852459017,6.672131147540983,0.5901639344262295,1.901639344262295,33.50819672131148,0.0,7.950819672131147,0.0,7.0,2009.0,3.0,3.4918032786885247,4.311475409836065,3.5901639344262297,2009-07-01,12.092212738504086,0.08196721311475409,0.18032786885245902,0.04918032786885246,0.0,0.04918032786885246,0.03278688524590164,0.01639344262295082,0.01639344262295082,0.03278688524590164,0.0,0.04918032786885246,0.08196721311475409,0.04918032786885246,0.09836065573770492,0.01639344262295082,0.03278688524590164,0.03278688524590164,0.11475409836065574,0.01639344262295082,0.0,0.01639344262295082,0.03278688524590164,0.0,0.0,0.0
2009-08-01,62.5,5.9,5.633333333333334,1966.1666666666667,1981.2333333333333,436.03333333333336,9.1,0.5,0.13333333333333333,1.6,0.43333333333333335,2.8666666666666667,1.1,6.566666666666666,0.5,1.7666666666666666,1.4666666666666666,4.666666666666667,19.8,26.666666666666668,8.0,2009.0,2.9,3.3333333333333335,4.066666666666666,3.533333333333333,2009-08-01,11.966093009921197,0.0,0.13333333333333333,0.13333333333333333,0.0,0.0,0.0,0.13333333333333333,0.06666666666666667,0.06666666666666667,0.0,0.0,0.0,0.1,0.06666666666666667,0.06666666666666667,0.06666666666666667,0.03333333333333333,0.06666666666666667,0.03333333333333333,0.0,0.0,0.0,0.03333333333333333,0.0,0.0
2009-09-01,36.0,6.55,5.65,1978.95,1992.4,550.75,72.2,0.35,0.05,1.6,0.3,2.6,1.05,6.15,0.55,1.8,26.9,0.0,24.25,0.0,9.0,2009.0,2.95,3.55,4.25,3.65,2009-09-01,12.109898023150036,0.0,0.15,0.2,0.05,0.05,0.0,0.05,0.15,0.0,0.0,0.0,0.0,0.1,0.0,0.0,0.0,0.0,0.1,0.1,0.0,0.0,0.05,0.0,0.0,0.0
2009-10-01,47.96296296296296,6.037037037037037,5.37037037037037,1963.037037037037,1982.0,519.9629629629629,21.62962962962963,0.4074074074074074,0.07407407407407407,1.4814814814814814,0.25925925925925924,2.5925925925925926,1.0,6.111111111111111,0.6296296296296297,1.7407407407407407,16.48148148148148,11.851851851851851,21.962962962962962,42.592592592592595,10.0,2009.0,2.962962962962963,3.2962962962962963,4.185185185185185,3.5185185185185186,2009-10-01,11.987106940357705,0.0,0.14814814814814814,0.07407407407407407,0.0,0.037037037037037035,0.037037037037037035,0.037037037037037035,0.037037037037037035,0.037037037037037035,0.0,0.037037037037037035,0.1111111111111111,0.037037037037037035,0.14814814814814814,0.037037037037037035,0.0,0.037037037037037035,0.037037037037037035,0.1111111111111111,0.0,0.037037037037037035,0.0,0.0,0.0,0.0
2009-11-01,51.59090909090909,5.636363636363637,5.545454545454546,1960.0,1977.6818181818182,416.22727272727275,65.86363636363636,0.5,0.0,1.3181818181818181,0.2727272727272727,2.8636363636363638,1.1363636363636365,6.545454545454546,0.8181818181818182,1.5454545454545454,15.590909090909092,0.0,16.636363636363637,65.9090909090909,11.0,2009.0,2.9545454545454546,3.272727272727273,3.727272727272727,3.4545454545454546,2009-11-01,11.865194927240113,0.0,0.18181818181818182,0.09090909090909091,0.0,0.0,0.045454545454545456,0.09090909090909091,0.0,0.0,0.0,0.0,0.045454545454545456,0.13636363636363635,0.045454545454545456,0.09090909090909091,0.045454545454545456,0.0,0.045454545454545456,0.045454545454545456,0.09090909090909091,0.0,0.0,0.045454545454545456,0.0,0.0
2009-12-01,48.666666666666664,6.0,5.666666666666667,1968.2666666666667,1985.7333333333333,400.06666666666666,20.733333333333334,0.3333333333333333,0.06666666666666667,1.6666666666666667,0.3333333333333333,3.0,1.0666666666666667,6.4,0.8,1.6666666666666667,28.8,12.133333333333333,19.4,0.0,12.0,2009.0,3.0,3.2666666666666666,4.133333333333334,3.2666666666666666,2009-12-01,11.924345992546542,0.0,0.06666666666666667,0.0,0.0,0.06666666666666667,0.0,0.06666666666666667,0.0,0.06666666666666667,0.0,0.2,0.06666666666666667,0.2,0.0,0.0,0.06666666666666667,0.0,0.06666666666666667,0.13333333333333333,0.0,0.0,0.0,0.0,0.0,0.0
2010-01-01,51.5,5.8,5.7,1967.8,1978.4,500.5,16.8,0.6,0.1,1.6,0.4,3.2,1.1,7.1,0.5,1.5,9.8,0.0,0.0,40.0,1.0,2010.0,2.9,3.3,3.8,3.5,2010-01-01,11.955682791607583,0.0,0.4,0.1,0.0,0.0,0.1,0.2,0.1,0.0,0.0,0.0,0.0,0.0,0.0,0.0,0.0,0.0,0.0,0.1,0.0,0.0,0.0,0.0,0.0,0.0
2010-02-01,39.333333333333336,6.066666666666666,5.866666666666666,1977.3333333333333,1990.1333333333334,494.3333333333333,85.73333333333333,0.6666666666666666,0.0,1.5333333333333334,0.2,2.6666666666666665,1.0,5.6,0.5333333333333333,1.6,21.2,15.866666666666667,31.666666666666668,0.0,2.0,2010.0,3.0,3.4,3.8,3.6,2010-02-01,12.021853165019222,0.0,0.13333333333333333,0.2,0.0,0.13333333333333333,0.0,0.13333333333333333,0.13333333333333333,0.0,0.0,0.0,0.06666666666666667,0.06666666666666667,0.0,0.0,0.0,0.0,0.06666666666666667,0.0,0.0,0.0,0.06666666666666667,0.0,0.0,0.0
2010-03-01,48.095238095238095,6.285714285714286,6.0,1975.3809523809523,1987.904761904762,539.6190476190476,24.61904761904762,0.47619047619047616,0.0,1.5238095238095237,0.38095238095238093,2.761904761904762,1.0,6.666666666666667,0.8095238095238095,1.8095238095238095,31.952380952380953,0.0,21.857142857142858,78.57142857142857,3.0,2010.0,3.0,3.3333333333333335,4.333333333333333,3.5238095238095237,2010-03-01,12.111397561434842,0.09523809523809523,0.19047619047619047,0.047619047619047616,0.0,0.09523809523809523,0.0,0.09523809523809523,0.0,0.047619047619047616,0.047619047619047616,0.0,0.0,0.047619047619047616,0.14285714285714285,0.0,0.047619047619047616,0.047619047619047616,0.09523809523809523,0.0,0.0,0.0,0.0,0.0,0.0,0.0
2010-04-01,60.38461538461539,5.9743589743589745,5.589743589743589,1970.025641025641,1983.871794871795,449.38461538461536,53.07692307692308,0.48717948717948717,0.02564102564102564,1.4615384615384615,0.46153846153846156,2.871794871794872,1.1025641025641026,6.589743589743589,0.5384615384615384,1.641025641025641,23.128205128205128,0.0,12.58974358974359,0.0,4.0,2010.0,2.923076923076923,3.3076923076923075,4.0256410256410255,3.4358974358974357,2010-04-01,11.975574642280193,0.05128205128205128,0.23076923076923078,0.0,0.02564102564102564,0.15384615384615385,0.02564102564102564,0.0,0.07692307692307693,0.0,0.0,0.02564102564102564,0.0,0.10256410256410256,0.05128205128205128,0.07692307692307693,0.0,0.02564102564102564,0.02564102564102564,0.02564102564102564,0.05128205128205128,0.0,0.02564102564102564,0.02564102564102564,0.0,0.0
2010-05-01,54.270833333333336,5.979166666666667,5.708333333333333,1969.5,1989.2083333333333,420.2083333333333,103.02083333333333,0.4791666666666667,0.020833333333333332,1.5625,0.25,3.0,1.0625,6.583333333333333,0.6041666666666666,1.7083333333333333,23.229166666666668,3.0,5.3125,119.79166666666667,5.0,2010.0,2.9583333333333335,3.4166666666666665,4.166666666666667,3.6041666666666665,2010-05-01,12.008100951204128,0.020833333333333332,0.14583333333333334,0.14583333333333334,0.0,0.08333333333333333,0.041666666666666664,0.0,0.10416666666666667,0.041666666666666664,0.0,0.041666666666666664,0.020833333333333332,0.0625,0.0625,0.020833333333333332,0.041666666666666664,0.0,0.041666666666666664,0.041666666666666664,0.0,0.0,0.041666666666666664,0.041666666666666664,0.0,0.0
2010-06-01,60.97222222222222,6.027777777777778,5.361111111111111,1971.4444444444443,1981.2222222222222,414.6388888888889,62.44444444444444,0.5,0.0,1.5277777777777777,0.5277777777777778,2.8055555555555554,1.0277777777777777,6.472222222222222,0.4722222222222222,1.8055555555555556,30.444444444444443,0.0,14.38888888888889,62.611111111111114,6.0,2010.0,2.861111111111111,3.4444444444444446,3.9722222222222223,3.5,2010-06-01,12.019750005742083,0.05555555555555555,0.1388888888888889,0.027777777777777776,0.0,0.05555555555555555,0.027777777777777776,0.027777777777777776,0.05555555555555555,0.0,0.0,0.08333333333333333,0.0,0.1388888888888889,0.05555555555555555,0.0,0.0,0.08333333333333333,0.05555555555555555,0.1111111111111111,0.05555555555555555,0.0,0.027777777777777776,0.0,0.0,0.0
2010-07-01,116.66666666666667,5.333333333333333,5.0,1960.6666666666667,1968.6666666666667,451.0,0.0,0.5,0.0,1.6666666666666667,0.16666666666666666,2.6666666666666665,1.1666666666666667,6.0,0.6666666666666666,1.3333333333333333,30.666666666666668,0.0,27.5,583.3333333333334,7.0,2010.0,3.0,2.8333333333333335,2.8333333333333335,2.6666666666666665,2010-07-01,11.636066398099578,0.0,0.3333333333333333,0.0,0.0,0.0,0.16666666666666666,0.0,0.0,0.0,0.0,0.0,0.0,0.0,0.16666666666666666,0.0,0.0,0.0,0.0,0.0,0.0,0.3333333333333333,0.0,0.0,0.0,0.0
